-- MSSQL 샘플 데이터 삽입 스크립트
-- 테스트용 데이터를 robot_info, inventory_info, pod_info 테이블에 삽입

USE cdc_test;
GO

-- 1. robot_info 테이블에 20개 샘플 데이터 삽입
INSERT INTO robot_info (uuid_no, robot_no, map_code, zone_code, status, manual, loaders, report_time, battery, node_id, pos_x, pos_y, speed, task_id, next_target, pod_id) VALUES
('550e8400-e29b-41d4-a716-446655440000', 'ROBOT_001', 'MAP_001', 'ZONE_2024Q3', 1, 0, 'Loader1,Loader2', 1754584716000, 95.5000, 'Node_123', 123.0000, 444.0000, 1.2345, 'TASK_001', 'Target_Node_A', 'POD001'),
('550e8400-e29b-41d4-a716-446655440001', 'ROBOT_002', 'MAP_001', 'ZONE_2024Q3', 2, 0, 'Loader3,Loader4', 1754584717000, 87.2000, 'Node_124', 125.0000, 445.0000, 1.1000, 'TASK_002', 'Target_Node_B', 'POD002'),
('550e8400-e29b-41d4-a716-446655440002', 'ROBOT_003', 'MAP_001', 'ZONE_2024Q3', 1, 0, 'Loader5,Loader6', 1754584718000, 92.8000, 'Node_125', 127.0000, 446.0000, 1.5000, 'TASK_003', 'Target_Node_C', 'POD003'),
('550e8400-e29b-41d4-a716-446655440003', 'ROBOT_004', 'MAP_002', 'ZONE_2024Q4', 3, 1, 'Loader7,Loader8', 1754584719000, 78.5000, 'Node_126', 129.0000, 447.0000, 0.8000, 'TASK_004', 'Target_Node_D', 'POD004'),
('550e8400-e29b-41d4-a716-446655440004', 'ROBOT_005', 'MAP_002', 'ZONE_2024Q4', 1, 0, 'Loader9,Loader10', 1754584720000, 89.3000, 'Node_127', 131.0000, 448.0000, 1.3000, 'TASK_005', 'Target_Node_E', 'POD005'),
('550e8400-e29b-41d4-a716-446655440005', 'ROBOT_006', 'MAP_002', 'ZONE_2024Q4', 2, 0, 'Loader11,Loader12', 1754584721000, 94.7000, 'Node_128', 133.0000, 449.0000, 1.6000, 'TASK_006', 'Target_Node_F', 'POD006'),
('550e8400-e29b-41d4-a716-446655440006', 'ROBOT_007', 'MAP_003', 'ZONE_2024Q1', 1, 0, 'Loader13,Loader14', 1754584722000, 91.2000, 'Node_129', 135.0000, 450.0000, 1.4000, 'TASK_007', 'Target_Node_G', 'POD007'),
('550e8400-e29b-41d4-a716-446655440007', 'ROBOT_008', 'MAP_003', 'ZONE_2024Q1', 4, 1, 'Loader15,Loader16', 1754584723000, 76.8000, 'Node_130', 137.0000, 451.0000, 0.9000, 'TASK_008', 'Target_Node_H', 'POD008'),
('550e8400-e29b-41d4-a716-446655440008', 'ROBOT_009', 'MAP_003', 'ZONE_2024Q1', 1, 0, 'Loader17,Loader18', 1754584724000, 88.9000, 'Node_131', 139.0000, 452.0000, 1.2000, 'TASK_009', 'Target_Node_I', 'POD009'),
('550e8400-e29b-41d4-a716-446655440009', 'ROBOT_010', 'MAP_004', 'ZONE_2024Q2', 2, 0, 'Loader19,Loader20', 1754584725000, 93.1000, 'Node_132', 141.0000, 453.0000, 1.7000, 'TASK_010', 'Target_Node_J', 'POD010'),
('550e8400-e29b-41d4-a716-446655440010', 'ROBOT_011', 'MAP_004', 'ZONE_2024Q2', 1, 0, 'Loader21,Loader22', 1754584726000, 85.6000, 'Node_133', 143.0000, 454.0000, 1.1000, 'TASK_011', 'Target_Node_K', 'POD011'),
('550e8400-e29b-41d4-a716-446655440011', 'ROBOT_012', 'MAP_004', 'ZONE_2024Q2', 3, 1, 'Loader23,Loader24', 1754584727000, 79.4000, 'Node_134', 145.0000, 455.0000, 0.7000, 'TASK_012', 'Target_Node_L', 'POD012'),
('550e8400-e29b-41d4-a716-446655440012', 'ROBOT_013', 'MAP_005', 'ZONE_2024Q3', 1, 0, 'Loader25,Loader26', 1754584728000, 90.3000, 'Node_135', 147.0000, 456.0000, 1.3000, 'TASK_013', 'Target_Node_M', 'POD013'),
('550e8400-e29b-41d4-a716-446655440013', 'ROBOT_014', 'MAP_005', 'ZONE_2024Q3', 2, 0, 'Loader27,Loader28', 1754584729000, 86.7000, 'Node_136', 149.0000, 457.0000, 1.0000, 'TASK_014', 'Target_Node_N', 'POD014'),
('550e8400-e29b-41d4-a716-446655440014', 'ROBOT_015', 'MAP_005', 'ZONE_2024Q3', 1, 0, 'Loader29,Loader30', 1754584730000, 92.5000, 'Node_137', 151.0000, 458.0000, 1.5000, 'TASK_015', 'Target_Node_O', 'POD015'),
('550e8400-e29b-41d4-a716-446655440015', 'ROBOT_016', 'MAP_006', 'ZONE_2024Q4', 4, 1, 'Loader31,Loader32', 1754584731000, 74.2000, 'Node_138', 153.0000, 459.0000, 0.6000, 'TASK_016', 'Target_Node_P', 'POD016'),
('550e8400-e29b-41d4-a716-446655440016', 'ROBOT_017', 'MAP_006', 'ZONE_2024Q4', 1, 0, 'Loader33,Loader34', 1754584732000, 89.8000, 'Node_139', 155.0000, 460.0000, 1.2000, 'TASK_017', 'Target_Node_Q', 'POD017'),
('550e8400-e29b-41d4-a716-446655440017', 'ROBOT_018', 'MAP_006', 'ZONE_2024Q4', 2, 0, 'Loader35,Loader36', 1754584733000, 87.4000, 'Node_140', 157.0000, 461.0000, 1.1000, 'TASK_018', 'Target_Node_R', 'POD018'),
('550e8400-e29b-41d4-a716-446655440018', 'ROBOT_019', 'MAP_007', 'ZONE_2024Q1', 1, 0, 'Loader37,Loader38', 1754584734000, 91.9000, 'Node_141', 159.0000, 462.0000, 1.4000, 'TASK_019', 'Target_Node_S', 'POD019'),
('550e8400-e29b-41d4-a716-446655440019', 'ROBOT_020', 'MAP_007', 'ZONE_2024Q1', 3, 1, 'Loader39,Loader40', 1754584735000, 81.6000, 'Node_142', 161.0000, 463.0000, 0.8000, 'TASK_020', 'Target_Node_T', 'POD020');

-- 2. inventory_info 테이블에 10개 샘플 데이터 삽입
INSERT INTO inventory_info (uuid_no, inventory, batch_num, unitload, sku, pre_qty, new_qty, origin_order, status, report_time) VALUES
('f48ac10b-58cc-4372-a567-0e02b2c3d479', 'WH-A01-12-3', '20250615-BATCH01', 'UL001', 'SKU-8859476325', 150, 135, 'SO-20250615-0012', 0, 1754584740000),
('f48ac10b-58cc-4372-a567-0e02b2c3d480', 'WH-A02-15-7', '20250615-BATCH02', 'UL002', 'SKU-8859476326', 200, 180, 'SO-20250615-0013', 1, 1754584741000),
('f48ac10b-58cc-4372-a567-0e02b2c3d481', 'WH-B01-08-2', '20250615-BATCH03', 'UL003', 'SKU-8859476327', 120, 95, 'SO-20250615-0014', 0, 1754584742000),
('f48ac10b-58cc-4372-a567-0e02b2c3d482', 'WH-B02-11-5', '20250615-BATCH04', 'UL004', 'SKU-8859476328', 180, 160, 'SO-20250615-0015', 1, 1754584743000),
('f48ac10b-58cc-4372-a567-0e02b2c3d483', 'WH-C01-14-9', '20250615-BATCH05', 'UL005', 'SKU-8859476329', 90, 75, 'SO-20250615-0016', 0, 1754584744000),
('f48ac10b-58cc-4372-a567-0e02b2c3d484', 'WH-C02-17-1', '20250615-BATCH06', 'UL006', 'SKU-8859476330', 250, 220, 'SO-20250615-0017', 1, 1754584745000),
('f48ac10b-58cc-4372-a567-0e02b2c3d485', 'WH-D01-09-4', '20250615-BATCH07', 'UL007', 'SKU-8859476331', 160, 140, 'SO-20250615-0018', 0, 1754584746000),
('f48ac10b-58cc-4372-a567-0e02b2c3d486', 'WH-D02-13-8', '20250615-BATCH08', 'UL008', 'SKU-8859476332', 110, 85, 'SO-20250615-0019', 1, 1754584747000),
('f48ac10b-58cc-4372-a567-0e02b2c3d487', 'WH-E01-16-6', '20250615-BATCH09', 'UL009', 'SKU-8859476333', 190, 170, 'SO-20250615-0020', 0, 1754584748000),
('f48ac10b-58cc-4372-a567-0e02b2c3d488', 'WH-E02-19-0', '20250615-BATCH10', 'UL010', 'SKU-8859476334', 140, 125, 'SO-20250615-0021', 1, 1754584749000);

-- 3. pod_info 테이블에 10개 샘플 데이터 삽입
INSERT INTO pod_info (uuid_no, pod_id, pod_face, location, report_time) VALUES
('550e8400-e29b-41d4-a716-446655440003', 'POD001', 'A1', 123, 1754584740000),
('550e8400-e29b-41d4-a716-446655440004', 'POD002', 'A2', 124, 1754584741000),
('550e8400-e29b-41d4-a716-446655440005', 'POD003', 'A3', 125, 1754584742000),
('550e8400-e29b-41d4-a716-446655440006', 'POD004', 'B1', 126, 1754584743000),
('550e8400-e29b-41d4-a716-446655440007', 'POD005', 'B2', 127, 1754584744000),
('550e8400-e29b-41d4-a716-446655440008', 'POD006', 'B3', 128, 1754584745000),
('550e8400-e29b-41d4-a716-446655440009', 'POD007', 'C1', 129, 1754584746000),
('550e8400-e29b-41d4-a716-446655440010', 'POD008', 'C2', 130, 1754584747000),
('550e8400-e29b-41d4-a716-446655440011', 'POD009', 'C3', 131, 1754584748000),
('550e8400-e29b-41d4-a716-446655440012', 'POD010', 'D1', 132, 1754584749000);

-- 데이터 삽입 확인
SELECT 'robot_info' as table_name, COUNT(*) as record_count FROM robot_info
UNION ALL
SELECT 'inventory_info' as table_name, COUNT(*) as record_count FROM inventory_info
UNION ALL
SELECT 'pod_info' as table_name, COUNT(*) as record_count FROM pod_info;

-- 샘플 데이터 확인
SELECT TOP 5 * FROM robot_info ORDER BY report_time DESC;
SELECT TOP 5 * FROM inventory_info ORDER BY report_time DESC;
SELECT TOP 5 * FROM pod_info ORDER BY report_time DESC; 